Date,Tn,Tx,RR
2018-01-01,24.8,29.4,49.3
2018-01-02,23.6,30.7,61.0
2018-01-03,23.3,30.5,52.3
2018-01-04,22.0,30.1,16.7
2018-01-05,22.5,29.2,76.6
2018-01-06,22.9,29.2,3.2
2018-01-07,23.2,30.0,79.3
2018-01-08,24.3,26.7,19.5
2018-01-09,21.7,28.7,69.3
2018-01-10,22.5,30.8,76.9
2018-01-11,21.5,28.0,79.1
2018-01-12,21.5,30.8,19.1
2018-01-13,22.0,27.5,2.9
2018-01-14,22.0,27.2,46.6
2018-01-15,20.4,26.4,10.4
2018-01-16,25.0,30.4,40.7
2018-01-17,23.2,27.8,37.7
2018-01-18,20.8,31.1,76.3
2018-01-19,22.0,27.6,66.4
2018-01-20,21.7,29.2,45.3
2018-01-21,20.6,28.1,50.4
2018-01-22,20.3,28.7,46.4
2018-01-23,24.4,28.2,51.0
2018-01-24,23.2,31.1,23.9
2018-01-25,21.9,30.8,50.3
2018-01-26,21.5,28.7,1.6
2018-01-27,21.3,28.9,4.8
2018-01-28,20.5,28.7,1.1
2018-01-29,23.4,27.3,53.3
2018-01-30,20.2,30.7,14.6
2018-01-31,22.8,26.4,52.0
2018-02-01,20.0,27.9,46.6
2018-02-02,21.1,31.0,77.5
2018-02-03,25.0,30.6,78.2
2018-02-04,21.3,28.4,52.1
2018-02-05,21.3,29.6,18.3
2018-02-06,20.8,31.5,8.7
2018-02-07,24.8,26.8,75.3
2018-02-08,20.8,26.1,77.4
2018-02-09,21.3,31.6,50.1
2018-02-10,24.4,27.4,13.4
2018-02-11,23.1,28.8,3.6
2018-02-12,21.2,26.9,47.6
2018-02-13,23.7,29.3,45.5
2018-02-14,23.4,30.8,41.1
2018-02-15,23.9,29.8,35.7
2018-02-16,21.4,26.8,23.1
2018-02-17,21.3,29.4,76.8
2018-02-18,23.1,30.3,56.7
2018-02-19,21.2,31.0,8.0
2018-02-20,21.3,29.8,49.1
2018-02-21,21.2,28.4,8.3
2018-02-22,24.6,29.1,53.6
2018-02-23,23.5,31.1,62.2
2018-02-24,23.7,29.7,25.2
2018-02-25,23.6,26.3,61.1
2018-02-26,20.1,26.3,31.6
2018-02-27,22.1,28.0,52.0
2018-02-28,21.4,29.6,69.2
2018-03-01,20.9,31.7,71.4
2018-03-02,23.3,30.3,30.2
2018-03-03,24.1,30.9,80.7
2018-03-04,24.4,30.7,79.0
2018-03-05,20.1,29.3,13.5
2018-03-06,23.9,30.5,58.6
2018-03-07,20.4,31.2,69.6
2018-03-08,24.2,31.5,69.5
2018-03-09,23.9,26.0,28.6
2018-03-10,21.9,29.3,31.7
2018-03-11,20.5,29.8,30.7
2018-03-12,22.9,30.9,2.2
2018-03-13,24.3,30.6,55.1
2018-03-14,22.6,31.8,19.8
2018-03-15,20.3,27.7,50.8
2018-03-16,22.6,27.2,59.0
2018-03-17,24.6,29.4,80.1
2018-03-18,24.9,27.6,8.1
2018-03-19,23.9,28.5,38.4
2018-03-20,21.9,26.7,56.2
2018-03-21,24.2,26.3,22.8
2018-03-22,23.3,26.0,63.2
2018-03-23,20.1,28.7,28.5
2018-03-24,20.2,26.5,55.2
2018-03-25,22.2,29.2,33.0
2018-03-26,21.3,28.1,18.1
2018-03-27,22.5,27.4,8.8
2018-03-28,20.5,27.4,59.7
2018-03-29,24.3,29.1,52.8
2018-03-30,24.8,28.5,44.8
2018-03-31,24.1,29.6,0.8
2018-04-01,22.3,28.8,35.8
2018-04-02,21.6,31.8,60.8
2018-04-03,22.6,26.4,51.0
2018-04-04,23.2,29.8,22.6
2018-04-05,21.2,28.4,69.2
2018-04-06,22.9,26.3,56.4
2018-04-07,21.4,26.1,47.1
2018-04-08,20.4,29.1,76.0
2018-04-09,22.5,30.2,25.3
2018-04-10,22.5,31.9,56.3
2018-04-11,24.0,29.9,40.8
2018-04-12,24.8,27.2,32.8
2018-04-13,21.3,30.8,76.6
2018-04-14,24.8,27.0,43.2
2018-04-15,20.6,27.4,49.6
2018-04-16,23.7,29.5,51.0
2018-04-17,24.8,26.9,48.3
2018-04-18,22.2,26.5,27.8
2018-04-19,23.5,26.6,18.0
2018-04-20,21.0,30.1,0.3
2018-04-21,20.4,29.7,41.2
2018-04-22,24.7,26.2,56.5
2018-04-23,22.0,31.0,70.5
2018-04-24,24.3,27.9,15.7
2018-04-25,21.9,31.9,65.2
2018-04-26,22.4,27.0,73.1
2018-04-27,24.2,27.0,20.5
2018-04-28,23.1,28.3,53.9
2018-04-29,20.2,29.2,30.8
2018-04-30,24.7,26.7,47.0
2018-05-01,21.1,26.5,11.5
2018-05-02,23.8,30.7,6.6
2018-05-03,23.2,27.0,27.9
2018-05-04,21.9,30.0,4.5
2018-05-05,21.0,29.6,43.4
2018-05-06,24.7,28.4,9.4
2018-05-07,22.8,29.4,74.1
2018-05-08,21.6,29.4,68.0
2018-05-09,22.9,29.3,9.1
2018-05-10,24.9,29.6,5.0
2018-05-11,21.6,31.2,17.1
2018-05-12,21.4,31.5,61.5
2018-05-13,22.4,31.5,13.2
2018-05-14,22.6,26.0,66.9
2018-05-15,20.4,30.9,78.1
2018-05-16,23.1,28.8,4.4
2018-05-17,22.0,27.0,21.0
2018-05-18,22.8,26.6,34.1
2018-05-19,23.7,28.1,16.5
2018-05-20,21.4,27.3,23.6
2018-05-21,22.8,29.0,57.4
2018-05-22,23.5,31.5,52.8
2018-05-23,24.9,30.2,39.8
2018-05-24,24.5,30.1,31.3
2018-05-25,20.6,31.4,47.6
2018-05-26,20.2,30.0,45.9
2018-05-27,23.6,26.2,37.1
2018-05-28,24.5,28.2,43.4
2018-05-29,23.3,31.2,21.9
2018-05-30,23.8,30.6,27.5
2018-05-31,21.3,31.0,70.3
2018-06-01,23.0,29.5,16.5
2018-06-02,23.6,29.7,44.8
2018-06-03,24.7,30.3,20.8
2018-06-04,23.4,30.8,59.9
2018-06-05,22.4,29.0,57.1
2018-06-06,24.0,29.3,39.1
2018-06-07,20.6,29.5,6.7
2018-06-08,24.6,30.7,8.6
2018-06-09,24.6,27.1,57.0
2018-06-10,21.4,27.4,33.4
2018-06-11,21.0,27.1,60.1
2018-06-12,24.4,29.2,52.1
2018-06-13,22.1,30.1,25.2
2018-06-14,21.1,28.0,4.3
2018-06-15,24.4,31.5,15.2
2018-06-16,22.7,28.8,18.0
2018-06-17,23.6,31.1,33.4
2018-06-18,21.7,28.7,45.0
2018-06-19,22.9,29.0,44.0
2018-06-20,24.9,31.7,48.1
2018-06-21,20.4,26.5,67.7
2018-06-22,23.3,27.2,38.2
2018-06-23,21.2,31.3,45.0
2018-06-24,20.0,28.7,74.8
2018-06-25,23.2,31.0,69.6
2018-06-26,23.0,28.1,52.6
2018-06-27,22.9,29.6,80.4
2018-06-28,20.0,28.8,40.3
2018-06-29,20.6,31.6,46.5
2018-06-30,23.4,31.5,58.3
2018-07-01,20.8,30.3,51.4
2018-07-02,24.8,30.8,35.2
2018-07-03,20.5,30.8,56.4
2018-07-04,24.7,30.7,16.0
2018-07-05,24.3,30.8,61.4
2018-07-06,21.4,28.1,60.0
2018-07-07,20.7,26.9,48.2
2018-07-08,20.4,30.0,17.7
2018-07-09,20.1,31.2,9.2
2018-07-10,21.8,27.0,28.9
2018-07-11,22.2,30.0,11.9
2018-07-12,21.0,31.6,75.3
2018-07-13,20.7,27.5,32.1
2018-07-14,22.0,28.9,79.5
2018-07-15,21.5,28.8,22.6
2018-07-16,23.3,28.6,67.3
2018-07-17,22.7,28.3,60.8
2018-07-18,24.1,31.8,0.5
2018-07-19,22.1,29.8,44.9
2018-07-20,21.7,30.7,60.4
2018-07-21,20.0,30.8,78.7
2018-07-22,20.8,29.3,32.0
2018-07-23,23.3,30.5,4.0
2018-07-24,21.5,27.8,54.5
2018-07-25,22.2,29.0,52.2
2018-07-26,23.1,27.6,43.5
2018-07-27,20.1,28.3,54.5
2018-07-28,20.0,27.3,25.8
2018-07-29,21.3,30.0,0.2
2018-07-30,20.1,26.4,0.2
2018-07-31,22.0,26.5,59.1
2018-08-01,23.0,28.9,59.7
2018-08-02,24.9,27.4,29.7
2018-08-03,24.6,30.9,1.9
2018-08-04,22.7,27.7,10.3
2018-08-05,20.3,26.7,40.1
2018-08-06,22.7,28.9,64.4
2018-08-07,21.9,30.1,80.1
2018-08-08,23.3,29.0,60.6
2018-08-09,23.1,27.0,51.9
2018-08-10,23.1,29.7,79.4
2018-08-11,22.1,26.0,43.0
2018-08-12,22.5,31.7,7.2
2018-08-13,22.7,26.6,73.5
2018-08-14,22.6,31.9,16.6
2018-08-15,24.9,29.6,67.5
2018-08-16,20.2,26.0,16.7
2018-08-17,24.1,31.8,16.1
2018-08-18,22.6,28.7,81.3
2018-08-19,22.6,31.6,4.4
2018-08-20,20.9,27.9,63.6
2018-08-21,24.0,29.0,8.0
2018-08-22,23.0,28.3,45.7
2018-08-23,20.9,29.1,42.4
2018-08-24,21.8,30.8,1.6
2018-08-25,20.3,31.3,72.7
2018-08-26,24.7,30.8,59.4
2018-08-27,22.4,29.6,23.0
2018-08-28,22.8,26.8,36.8
2018-08-29,20.2,26.3,58.3
2018-08-30,20.6,29.4,4.3
2018-08-31,22.1,26.1,39.6
2018-09-01,24.9,30.7,18.0
2018-09-02,21.0,26.5,50.7
2018-09-03,22.9,32.0,67.2
2018-09-04,21.2,26.9,62.2
2018-09-05,22.7,30.0,68.7
2018-09-06,25.0,27.8,76.3
2018-09-07,23.3,26.4,50.5
2018-09-08,22.3,31.6,49.2
2018-09-09,21.3,30.8,9.8
2018-09-10,24.1,26.1,12.8
2018-09-11,22.6,30.5,50.4
2018-09-12,20.5,28.2,6.3
2018-09-13,23.0,30.7,40.7
2018-09-14,21.2,27.7,78.9
2018-09-15,24.9,31.6,16.4
2018-09-16,24.4,31.0,81.8
2018-09-17,23.5,28.7,12.5
2018-09-18,23.7,29.4,22.9
2018-09-19,21.8,26.2,30.0
2018-09-20,24.5,31.5,1.6
2018-09-21,21.9,31.8,30.7
2018-09-22,23.1,27.4,49.1
2018-09-23,23.1,26.3,48.2
2018-09-24,21.6,29.8,54.3
2018-09-25,23.7,26.5,33.1
2018-09-26,20.4,31.9,56.5
2018-09-27,21.4,26.5,28.8
2018-09-28,22.6,31.0,29.2
2018-09-29,22.9,28.1,19.9
2018-09-30,20.0,26.5,14.7
2018-10-01,20.9,30.8,7.1
2018-10-02,23.9,30.9,0.6
2018-10-03,24.6,28.2,54.8
2018-10-04,20.2,26.5,70.3
2018-10-05,20.7,28.6,52.4
2018-10-06,24.5,29.5,47.0
2018-10-07,20.5,28.4,17.6
2018-10-08,20.8,26.4,73.4
2018-10-09,21.6,27.0,0.9
2018-10-10,20.4,30.0,55.4
2018-10-11,23.8,28.4,23.1
2018-10-12,24.1,29.2,19.2
2018-10-13,24.3,31.4,25.6
2018-10-14,21.3,32.0,63.9
2018-10-15,20.6,31.5,50.0
2018-10-16,22.2,31.4,65.9
2018-10-17,20.6,28.1,67.8
2018-10-18,21.7,31.9,72.8
2018-10-19,24.8,30.9,22.6
2018-10-20,24.7,29.3,47.6
2018-10-21,21.4,29.1,52.1
2018-10-22,20.2,27.6,71.9
2018-10-23,22.3,30.8,14.5
2018-10-24,20.8,30.9,10.1
2018-10-25,21.7,31.9,3.8
2018-10-26,22.1,26.2,4.1
2018-10-27,24.7,30.8,10.3
2018-10-28,21.2,27.2,29.9
2018-10-29,21.1,28.2,27.0
2018-10-30,22.8,30.6,59.1
2018-10-31,24.2,27.4,21.2
2018-11-01,20.5,30.8,27.6
2018-11-02,20.5,29.0,61.6
2018-11-03,24.7,29.2,65.2
2018-11-04,24.6,28.3,43.4
2018-11-05,24.3,26.1,67.5
2018-11-06,22.6,28.6,21.3
2018-11-07,23.5,26.7,43.3
2018-11-08,21.9,31.8,20.1
2018-11-09,23.2,31.2,34.7
2018-11-10,21.8,27.6,1.4
2018-11-11,23.8,27.5,42.1
2018-11-12,20.9,31.8,61.1
2018-11-13,24.3,26.5,28.4
2018-11-14,20.0,32.0,57.3
2018-11-15,23.8,29.8,11.9
2018-11-16,24.7,27.4,70.9
2018-11-17,21.2,31.7,54.8
2018-11-18,23.2,26.0,52.2
2018-11-19,21.9,27.4,45.0
2018-11-20,20.6,28.2,16.5
2018-11-21,21.5,30.7,6.3
2018-11-22,20.8,31.7,53.5
2018-11-23,22.4,29.3,10.6
2018-11-24,24.7,31.1,67.6
2018-11-25,24.1,28.2,27.6
2018-11-26,20.3,27.4,54.5
2018-11-27,20.5,29.9,68.6
2018-11-28,20.7,31.6,60.3
2018-11-29,22.6,28.6,63.5
2018-11-30,21.3,26.9,23.1
2018-12-01,24.5,27.3,31.5
2018-12-02,23.8,28.8,34.0
2018-12-03,22.7,29.3,16.1
2018-12-04,22.0,28.0,40.7
2018-12-05,24.0,31.2,47.3
2018-12-06,21.4,26.8,48.7
2018-12-07,20.4,31.8,1.1
2018-12-08,23.4,30.1,19.4
2018-12-09,24.5,28.0,29.8
2018-12-10,20.5,29.3,18.3
2018-12-11,22.1,29.8,71.8
2018-12-12,21.7,31.5,39.9
2018-12-13,21.4,27.5,55.1
2018-12-14,24.7,28.5,68.8
2018-12-15,21.3,30.9,64.2
2018-12-16,20.1,29.4,51.1
2018-12-17,24.7,28.7,17.5
2018-12-18,21.1,30.4,39.0
2018-12-19,22.1,31.1,21.0
2018-12-20,21.9,31.9,14.5
2018-12-21,23.8,27.7,26.5
2018-12-22,21.3,28.9,57.7
2018-12-23,24.3,29.4,77.8
2018-12-24,23.4,30.5,63.6
2018-12-25,22.6,29.8,52.7
2018-12-26,21.1,28.0,47.9
2018-12-27,21.7,31.0,72.0
2018-12-28,22.9,28.2,34.8
2018-12-29,20.0,28.2,35.3
2018-12-30,21.9,30.5,27.1
2018-12-31,20.7,26.8,75.7
2019-01-01,24.7,30.4,67.7
2019-01-02,22.8,30.7,27.3
2019-01-03,21.3,31.4,17.7
2019-01-04,20.8,29.5,57.2
2019-01-05,22.9,30.9,27.0
2019-01-06,22.9,27.1,22.2
2019-01-07,23.6,30.2,69.0
2019-01-08,20.5,26.0,78.7
2019-01-09,20.7,27.5,8.6
2019-01-10,24.8,26.1,57.6
2019-01-11,25.0,26.0,11.1
2019-01-12,20.2,28.2,77.2
2019-01-13,23.7,26.6,62.6
2019-01-14,23.3,31.7,55.7
2019-01-15,22.5,28.0,6.8
2019-01-16,20.2,29.9,54.8
2019-01-17,23.8,27.2,20.0
2019-01-18,24.0,30.4,81.9
2019-01-19,23.3,29.6,45.2
2019-01-20,23.4,31.2,15.2
2019-01-21,20.6,29.9,45.9
2019-01-22,23.8,29.5,52.0
2019-01-23,21.0,27.3,14.7
2019-01-24,20.0,30.5,41.9
2019-01-25,23.6,31.5,75.1
2019-01-26,21.1,27.8,6.7
2019-01-27,20.5,28.2,2.5
2019-01-28,24.4,30.9,48.7
2019-01-29,21.1,30.9,39.4
2019-01-30,21.8,29.7,9.1
2019-01-31,23.9,26.3,3.6
2019-02-01,24.9,29.2,71.8
2019-02-02,21.2,31.4,38.8
2019-02-03,22.7,26.4,70.7
2019-02-04,21.9,29.0,81.5
2019-02-05,24.5,26.8,51.3
2019-02-06,22.3,27.5,3.5
2019-02-07,21.1,27.6,8.1
2019-02-08,23.0,30.6,72.2
2019-02-09,22.3,26.2,63.0
2019-02-10,23.9,29.9,3.2
2019-02-11,21.6,26.2,19.7
2019-02-12,20.6,27.0,12.6
2019-02-13,25.0,28.1,53.4
2019-02-14,22.2,28.9,75.1
2019-02-15,23.5,30.6,22.5
2019-02-16,20.2,30.6,8.6
2019-02-17,22.2,26.0,33.7
2019-02-18,24.3,28.1,63.0
2019-02-19,22.1,27.6,38.4
2019-02-20,22.8,27.9,39.7
2019-02-21,20.0,28.4,7.9
2019-02-22,24.5,26.7,41.3
2019-02-23,22.8,31.3,8.0
2019-02-24,20.5,27.3,30.4
2019-02-25,22.2,28.7,43.3
2019-02-26,20.0,26.2,27.4
2019-02-27,21.8,31.9,34.6
2019-02-28,22.5,31.1,14.7
2019-03-01,20.8,30.2,11.2
2019-03-02,21.0,31.5,18.4
2019-03-03,22.1,26.6,63.7
2019-03-04,24.8,27.5,27.0
2019-03-05,22.0,28.1,0.8
2019-03-06,24.3,27.5,68.2
2019-03-07,21.4,29.9,46.4
2019-03-08,21.2,29.7,66.4
2019-03-09,20.7,26.6,68.5
2019-03-10,22.4,27.0,71.4
2019-03-11,21.7,28.4,52.0
2019-03-12,21.5,28.6,42.4
2019-03-13,21.3,28.9,10.0
2019-03-14,23.6,31.3,44.9
2019-03-15,23.7,27.1,15.8
2019-03-16,22.1,29.1,77.4
2019-03-17,20.9,29.7,10.4
2019-03-18,24.6,29.4,35.9
2019-03-19,23.8,31.7,59.1
2019-03-20,23.7,26.7,7.3
2019-03-21,21.8,31.2,49.0
2019-03-22,24.9,28.5,25.3
2019-03-23,22.2,27.9,55.4
2019-03-24,23.9,29.2,54.5
2019-03-25,22.9,27.6,20.2
2019-03-26,24.4,31.4,56.4
2019-03-27,20.7,28.2,3.3
2019-03-28,23.5,28.5,69.6
2019-03-29,24.4,28.3,31.8
2019-03-30,21.2,29.3,0.6
2019-03-31,24.2,32.0,24.7
2019-04-01,23.6,30.4,56.3
2019-04-02,20.8,28.4,37.5
2019-04-03,23.7,30.2,54.6
2019-04-04,22.2,30.0,80.3
2019-04-05,20.7,26.2,7.3
2019-04-06,23.4,31.9,43.9
2019-04-07,21.6,32.0,57.1
2019-04-08,21.0,26.6,1.4
2019-04-09,21.9,28.6,28.5
2019-04-10,22.0,29.5,67.2
2019-04-11,21.7,31.1,63.1
2019-04-12,25.0,28.0,15.9
2019-04-13,24.6,26.6,81.7
2019-04-14,20.8,31.9,56.0
2019-04-15,20.4,30.9,11.9
2019-04-16,22.0,31.5,12.4
2019-04-17,20.7,32.0,45.8
2019-04-18,22.3,26.7,30.3
2019-04-19,21.2,26.7,14.0
2019-04-20,22.1,27.9,2.3
2019-04-21,23.6,31.4,26.9
2019-04-22,22.7,27.0,6.2
2019-04-23,24.0,32.0,59.3
2019-04-24,23.7,27.8,35.9
2019-04-25,24.5,30.0,47.5
2019-04-26,20.6,30.5,78.2
2019-04-27,20.1,27.0,0.4
2019-04-28,20.5,29.3,80.3
2019-04-29,23.4,32.0,12.8
2019-04-30,22.7,31.4,79.3
2019-05-01,20.2,28.5,67.7
2019-05-02,23.3,29.8,26.5
2019-05-03,22.0,30.3,13.9
2019-05-04,24.7,31.3,36.4
2019-05-05,20.8,29.0,47.5
2019-05-06,24.0,31.7,6.9
2019-05-07,21.2,30.6,46.2
2019-05-08,22.5,28.8,8.4
2019-05-09,20.6,28.6,39.7
2019-05-10,25.0,26.5,9.0
2019-05-11,20.3,31.0,47.3
2019-05-12,23.5,31.4,44.7
2019-05-13,21.0,28.3,59.5
2019-05-14,21.9,27.9,26.6
2019-05-15,21.5,26.5,42.2
2019-05-16,24.2,29.2,31.3
2019-05-17,22.1,27.7,35.2
2019-05-18,23.8,27.4,35.9
2019-05-19,24.7,26.5,66.6
2019-05-20,20.9,28.2,27.9
2019-05-21,22.1,31.1,54.9
2019-05-22,20.8,26.9,63.0
2019-05-23,20.2,29.7,43.7
2019-05-24,24.8,31.5,17.6
2019-05-25,20.0,29.2,4.8
2019-05-26,20.8,30.1,79.5
2019-05-27,22.0,26.4,80.7
2019-05-28,22.8,28.2,7.8
2019-05-29,23.8,31.7,44.6
2019-05-30,20.1,31.4,70.6
2019-05-31,24.3,26.8,8.7
2019-06-01,24.3,26.7,26.2
2019-06-02,23.6,30.5,18.7
2019-06-03,24.2,29.6,38.1
2019-06-04,23.3,28.3,53.4
2019-06-05,24.8,26.5,73.9
2019-06-06,21.9,26.2,47.2
2019-06-07,23.2,31.5,47.0
2019-06-08,25.0,30.6,66.8
2019-06-09,23.4,29.0,72.0
2019-06-10,21.2,27.2,43.8
2019-06-11,25.0,29.5,26.1
2019-06-12,22.2,31.1,26.7
2019-06-13,20.1,29.7,28.7
2019-06-14,21.8,31.7,72.7
2019-06-15,23.1,28.5,32.2
2019-06-16,20.5,31.4,5.5
2019-06-17,21.0,31.7,52.3
2019-06-18,22.7,30.3,3.6
2019-06-19,23.8,30.3,9.0
2019-06-20,21.1,31.7,5.9
2019-06-21,21.7,31.6,43.8
2019-06-22,21.5,30.5,62.3
2019-06-23,23.1,31.0,49.1
2019-06-24,22.9,28.7,78.9
2019-06-25,21.3,26.4,33.4
2019-06-26,22.7,32.0,52.4
2019-06-27,21.3,31.1,16.2
2019-06-28,21.1,30.0,69.6
2019-06-29,21.8,31.2,35.9
2019-06-30,22.6,28.2,51.1
2019-07-01,20.5,26.0,70.9
2019-07-02,23.2,28.1,40.1
2019-07-03,23.3,30.4,54.0
2019-07-04,22.0,29.7,58.6
2019-07-05,20.1,28.9,38.9
2019-07-06,25.0,31.5,57.1
2019-07-07,20.3,30.7,16.5
2019-07-08,22.1,31.5,45.1
2019-07-09,23.0,28.3,51.5
2019-07-10,21.4,31.3,21.4
2019-07-11,24.5,26.1,50.9
2019-07-12,20.0,27.5,50.8
2019-07-13,22.4,27.2,21.8
2019-07-14,22.4,30.3,76.8
2019-07-15,20.4,28.3,4.6
2019-07-16,20.7,28.3,79.7
2019-07-17,22.2,27.1,38.4
2019-07-18,21.4,29.1,56.8
2019-07-19,23.1,30.9,25.5
2019-07-20,23.1,28.5,34.7
2019-07-21,21.8,31.2,11.3
2019-07-22,21.1,28.6,45.9
2019-07-23,25.0,26.0,25.6
2019-07-24,22.8,26.3,59.2
2019-07-25,21.1,28.8,35.9
2019-07-26,25.0,31.3,42.3
2019-07-27,24.6,27.9,70.4
2019-07-28,22.7,27.4,70.8
2019-07-29,23.8,30.4,37.4
2019-07-30,22.6,26.5,19.7
2019-07-31,22.3,26.2,31.8
2019-08-01,22.5,29.8,18.5
2019-08-02,23.3,29.5,2.0
2019-08-03,20.1,30.7,10.3
2019-08-04,23.1,27.4,70.1
2019-08-05,20.0,29.0,43.8
2019-08-06,22.3,29.5,68.2
2019-08-07,23.6,28.6,40.3
2019-08-08,23.5,26.8,0.4
2019-08-09,20.5,31.8,72.4
2019-08-10,24.5,26.9,68.9
2019-08-11,22.0,31.3,14.6
2019-08-12,21.3,30.8,14.4
2019-08-13,20.1,32.0,44.0
2019-08-14,25.0,29.7,0.5
2019-08-15,23.7,28.0,59.3
2019-08-16,20.3,31.7,51.0
2019-08-17,22.4,30.4,69.3
2019-08-18,22.9,28.7,42.8
2019-08-19,21.5,26.0,57.8
2019-08-20,22.6,26.7,70.2
2019-08-21,22.4,28.8,36.0
2019-08-22,22.6,26.5,9.1
2019-08-23,24.1,26.8,51.1
2019-08-24,22.6,30.4,44.5
2019-08-25,23.9,31.2,19.9
2019-08-26,20.0,27.8,2.2
2019-08-27,23.7,32.0,20.1
2019-08-28,21.5,29.1,78.3
2019-08-29,24.0,31.3,44.2
2019-08-30,23.9,26.9,23.0
2019-08-31,21.3,31.7,36.5
2019-09-01,21.4,30.9,1.1
2019-09-02,20.3,29.8,15.6
2019-09-03,24.5,30.4,81.1
2019-09-04,24.7,30.7,63.0
2019-09-05,23.8,31.5,64.9
2019-09-06,24.8,29.9,58.9
2019-09-07,24.8,31.3,67.6
2019-09-08,20.1,29.9,70.4
2019-09-09,21.9,30.4,79.1
2019-09-10,24.0,31.2,76.2
2019-09-11,23.6,32.0,5.5
2019-09-12,20.3,30.5,78.8
2019-09-13,20.0,31.7,53.3
2019-09-14,22.6,31.2,69.8
2019-09-15,21.6,29.9,44.1
2019-09-16,23.1,27.7,4.5
2019-09-17,21.1,26.3,10.3
2019-09-18,20.5,29.7,54.7
2019-09-19,21.8,27.5,65.3
2019-09-20,21.4,27.6,68.2
2019-09-21,23.4,27.1,44.0
2019-09-22,24.9,31.9,75.5
2019-09-23,23.6,28.8,49.5
2019-09-24,21.6,28.8,66.1
2019-09-25,23.4,27.2,26.7
2019-09-26,20.5,31.2,61.5
2019-09-27,21.0,30.3,7.9
2019-09-28,24.6,31.0,4.9
2019-09-29,23.2,30.3,2.1
2019-09-30,23.9,26.9,17.2
2019-10-01,24.3,27.2,18.6
2019-10-02,21.7,31.6,31.7
2019-10-03,23.2,30.5,76.8
2019-10-04,21.8,29.9,28.0
2019-10-05,23.0,31.3,27.0
2019-10-06,24.3,29.6,3.4
2019-10-07,24.4,28.9,40.8
2019-10-08,24.3,28.1,23.0
2019-10-09,25.0,26.4,60.8
2019-10-10,22.5,30.2,39.2
2019-10-11,23.2,26.7,9.6
2019-10-12,20.0,31.0,38.6
2019-10-13,24.5,30.6,34.2
2019-10-14,20.9,32.0,8.8
2019-10-15,24.9,29.4,19.6
2019-10-16,23.7,31.3,11.5
2019-10-17,21.4,30.0,61.8
2019-10-18,20.7,31.8,42.6
2019-10-19,24.2,27.8,4.0
2019-10-20,21.0,31.6,54.0
2019-10-21,24.1,27.4,18.5
2019-10-22,22.5,31.8,30.4
2019-10-23,22.0,27.8,8.7
2019-10-24,20.4,28.4,62.4
2019-10-25,23.0,30.6,28.0
2019-10-26,22.0,26.4,19.1
2019-10-27,25.0,27.4,56.9
2019-10-28,23.9,26.3,69.1
2019-10-29,24.1,27.2,18.3
2019-10-30,24.4,26.7,13.1
2019-10-31,22.6,30.1,73.6
2019-11-01,24.8,26.4,31.3
2019-11-02,22.0,27.7,65.4
2019-11-03,22.3,26.4,5.5
2019-11-04,24.9,26.9,4.8
2019-11-05,20.3,29.6,76.3
2019-11-06,23.9,27.9,8.5
2019-11-07,21.9,30.2,13.6
2019-11-08,21.4,30.1,1.9
2019-11-09,24.1,30.4,11.7
2019-11-10,22.6,29.8,25.8
2019-11-11,24.2,29.7,16.0
2019-11-12,21.3,27.7,46.7
2019-11-13,21.0,28.2,19.8
2019-11-14,20.3,27.6,70.4
2019-11-15,23.3,28.6,52.9
2019-11-16,21.1,28.1,32.5
2019-11-17,23.0,31.1,56.3
2019-11-18,24.4,31.7,68.5
2019-11-19,23.8,28.7,49.9
2019-11-20,24.6,31.8,65.2
2019-11-21,20.2,27.4,64.6
2019-11-22,24.7,30.8,23.6
2019-11-23,24.3,30.7,39.7
2019-11-24,24.8,28.6,77.9
2019-11-25,22.1,29.2,29.7
2019-11-26,22.7,26.5,1.2
2019-11-27,22.1,26.6,31.5
2019-11-28,20.4,30.2,35.5
2019-11-29,21.4,32.0,64.8
2019-11-30,22.5,27.4,21.7
2019-12-01,21.9,27.5,51.4
2019-12-02,20.1,27.6,15.5
2019-12-03,24.8,30.5,33.3
2019-12-04,20.9,30.6,71.8
2019-12-05,21.0,26.8,37.5
2019-12-06,24.2,26.1,81.4
2019-12-07,23.6,30.2,2.1
2019-12-08,21.7,30.8,58.9
2019-12-09,20.0,26.6,60.1
2019-12-10,23.4,30.3,76.6
2019-12-11,24.8,28.6,10.2
2019-12-12,24.9,28.5,37.7
2019-12-13,20.1,29.4,78.2
2019-12-14,23.5,30.7,71.2
2019-12-15,21.6,31.1,3.5
2019-12-16,22.6,26.2,2.8
2019-12-17,20.3,31.0,81.0
2019-12-18,21.4,30.8,58.9
2019-12-19,22.9,27.7,52.0
2019-12-20,23.3,29.0,71.7
2019-12-21,23.3,29.4,36.0
2019-12-22,20.1,29.1,2.0
2019-12-23,24.6,29.3,11.2
2019-12-24,21.3,26.5,73.3
2019-12-25,21.8,30.1,43.7
2019-12-26,22.8,32.0,71.5
2019-12-27,23.3,26.8,20.9
2019-12-28,22.6,29.5,59.6
2019-12-29,22.2,31.5,48.9
2019-12-30,20.5,29.8,3.6
2019-12-31,21.8,29.1,35.1
2020-01-01,22.2,31.6,18.2
2020-01-02,23.8,28.1,68.6
2020-01-03,24.6,28.6,67.1
2020-01-04,24.5,28.2,45.6
2020-01-05,21.7,26.7,68.4
2020-01-06,20.5,31.2,55.4
2020-01-07,25.0,27.4,50.2
2020-01-08,23.4,27.0,42.3
2020-01-09,20.3,31.9,53.1
2020-01-10,20.6,29.0,11.0
2020-01-11,20.7,27.8,52.4
2020-01-12,23.5,31.5,15.2
2020-01-13,22.8,27.2,6.4
2020-01-14,21.0,26.5,1.9
2020-01-15,24.5,28.0,10.0
2020-01-16,21.3,31.6,35.5
2020-01-17,24.1,30.0,47.4
2020-01-18,21.1,31.2,57.7
2020-01-19,22.8,27.8,41.5
2020-01-20,21.6,29.9,45.3
2020-01-21,21.8,28.2,2.8
2020-01-22,24.5,26.3,29.5
2020-01-23,24.1,28.0,69.0
2020-01-24,22.4,28.6,33.4
2020-01-25,24.0,26.8,60.2
2020-01-26,23.9,30.8,81.9
2020-01-27,21.5,30.2,45.1
2020-01-28,20.9,30.3,73.5
2020-01-29,24.2,29.5,20.1
2020-01-30,22.9,31.9,45.7
2020-01-31,25.0,27.1,73.5
2020-02-01,22.1,26.1,43.8
2020-02-02,20.5,28.5,61.6
2020-02-03,20.5,26.4,58.2
2020-02-04,22.2,26.5,37.2
2020-02-05,20.4,26.5,29.0
2020-02-06,23.0,29.6,15.1
2020-02-07,24.0,31.5,2.8
2020-02-08,21.0,31.4,16.4
2020-02-09,23.6,27.6,63.9
2020-02-10,24.4,30.8,41.3
2020-02-11,21.2,29.0,64.5
2020-02-12,24.7,27.9,38.0
2020-02-13,20.7,30.6,59.3
2020-02-14,22.2,30.8,73.9
2020-02-15,23.9,31.5,19.3
2020-02-16,23.4,26.0,2.3
2020-02-17,23.5,26.4,49.7
2020-02-18,22.7,28.9,17.8
2020-02-19,24.7,28.2,13.1
2020-02-20,23.1,28.6,55.6
2020-02-21,20.4,27.7,29.7
2020-02-22,21.6,30.6,53.6
2020-02-23,23.8,27.3,1.3
2020-02-24,24.9,28.2,41.0
2020-02-25,21.6,26.3,37.6
2020-02-26,23.2,30.8,70.2
2020-02-27,20.9,27.9,69.5
2020-02-28,24.0,31.3,69.5
2020-02-29,24.5,28.2,9.5
2020-03-01,20.6,29.9,44.0
2020-03-02,23.7,30.3,9.9
2020-03-03,20.3,26.7,59.3
2020-03-04,24.6,28.5,50.2
2020-03-05,23.5,28.1,57.3
2020-03-06,23.4,27.5,63.0
2020-03-07,22.5,28.4,9.4
2020-03-08,24.9,31.1,69.3
2020-03-09,21.2,26.0,8.3
2020-03-10,22.7,26.1,7.2
2020-03-11,22.8,29.7,77.8
2020-03-12,21.2,28.8,20.2
2020-03-13,21.4,27.7,62.2
2020-03-14,21.1,26.2,60.9
2020-03-15,24.4,28.1,26.7
2020-03-16,24.0,30.7,11.0
2020-03-17,21.9,26.9,66.2
2020-03-18,24.4,31.8,12.0
2020-03-19,23.3,31.6,57.7
2020-03-20,20.8,26.1,54.8
2020-03-21,23.2,29.5,77.8
2020-03-22,21.6,26.7,40.6
2020-03-23,24.1,27.8,51.7
2020-03-24,22.4,26.1,66.9
2020-03-25,20.0,30.6,18.5
2020-03-26,21.9,32.0,74.5
2020-03-27,23.9,31.1,61.6
2020-03-28,24.7,30.0,9.8
2020-03-29,22.7,31.0,61.2
2020-03-30,20.7,29.6,22.3
2020-03-31,22.6,28.1,48.4
2020-04-01,21.9,28.2,39.4
2020-04-02,24.6,30.1,24.1
2020-04-03,20.2,30.4,42.9
2020-04-04,24.0,31.4,76.0
2020-04-05,20.7,31.6,5.4
2020-04-06,20.6,29.3,66.8
2020-04-07,24.9,26.1,0.1
2020-04-08,21.2,30.0,47.8
2020-04-09,24.6,27.2,64.7
2020-04-10,22.1,28.9,37.7
2020-04-11,23.1,26.6,2.8
2020-04-12,20.7,27.4,71.2
2020-04-13,24.2,27.9,53.8
2020-04-14,21.1,29.3,6.4
2020-04-15,22.6,27.1,23.1
2020-04-16,23.0,26.4,69.3
2020-04-17,21.1,26.5,19.8
2020-04-18,22.8,29.0,36.9
2020-04-19,24.6,27.1,41.6
2020-04-20,23.1,31.5,48.0
2020-04-21,21.1,29.5,18.5
2020-04-22,22.4,27.4,12.6
2020-04-23,20.6,26.8,57.3
2020-04-24,20.0,31.3,35.6
2020-04-25,22.5,31.3,30.0
2020-04-26,20.1,29.0,33.5
2020-04-27,24.2,31.2,41.9
2020-04-28,24.1,31.0,41.5
2020-04-29,20.7,27.9,21.1
2020-04-30,21.7,27.3,21.5
2020-05-01,23.8,27.1,20.3
2020-05-02,22.7,26.7,23.2
2020-05-03,21.2,27.6,9.7
2020-05-04,21.6,31.7,56.8
2020-05-05,22.7,30.7,11.1
2020-05-06,20.0,30.3,74.3
2020-05-07,22.6,31.3,73.9
2020-05-08,24.6,29.9,49.0
2020-05-09,23.9,28.2,28.3
2020-05-10,21.6,26.2,7.2
2020-05-11,22.1,29.1,80.5
2020-05-12,22.1,27.0,4.8
2020-05-13,23.8,32.0,47.5
2020-05-14,23.7,26.7,17.3
2020-05-15,20.5,31.2,9.2
2020-05-16,21.7,27.5,8.1
2020-05-17,24.1,29.6,65.0
2020-05-18,22.5,27.4,81.8
2020-05-19,23.1,26.6,64.6
2020-05-20,22.6,28.9,52.0
2020-05-21,23.1,26.8,52.2
2020-05-22,23.3,28.7,81.0
2020-05-23,23.2,28.7,51.3
2020-05-24,22.4,30.9,2.9
2020-05-25,22.2,29.6,30.1
2020-05-26,24.1,26.8,69.0
2020-05-27,22.1,27.4,1.8
2020-05-28,23.8,31.8,51.6
2020-05-29,21.9,27.8,71.6
2020-05-30,20.8,30.6,26.6
2020-05-31,22.2,27.9,62.5
2020-06-01,23.4,28.5,75.6
2020-06-02,22.7,31.9,35.8
2020-06-03,22.6,27.0,15.4
2020-06-04,24.1,30.5,55.9
2020-06-05,23.3,29.1,40.2
2020-06-06,20.0,26.1,6.4
2020-06-07,20.7,28.3,9.1
2020-06-08,22.5,28.6,74.9
2020-06-09,22.3,26.2,15.3
2020-06-10,22.2,31.4,44.7
2020-06-11,23.5,29.0,61.9
2020-06-12,24.2,28.1,42.9
2020-06-13,21.0,30.4,8.1
2020-06-14,24.3,30.1,26.1
2020-06-15,22.3,27.9,70.9
2020-06-16,22.0,26.7,61.3
2020-06-17,24.3,28.9,37.9
2020-06-18,23.8,27.7,35.5
2020-06-19,21.0,28.2,77.7
2020-06-20,20.9,26.5,50.5
2020-06-21,23.7,29.2,76.1
2020-06-22,22.0,31.3,10.9
2020-06-23,23.0,29.5,59.3
2020-06-24,22.4,30.8,63.1
2020-06-25,22.3,27.0,70.3
2020-06-26,23.7,30.9,9.2
2020-06-27,20.5,26.6,67.6
2020-06-28,22.4,28.4,60.2
2020-06-29,23.3,29.1,22.9
2020-06-30,20.4,29.6,80.1
2020-07-01,24.9,28.4,45.3
2020-07-02,23.0,28.0,12.5
2020-07-03,21.4,28.6,69.0
2020-07-04,20.9,28.4,35.8
2020-07-05,23.9,28.8,1.0
2020-07-06,20.2,31.6,15.1
2020-07-07,22.6,26.4,44.1
2020-07-08,20.4,28.6,50.5
2020-07-09,23.2,27.2,12.0
2020-07-10,23.3,30.6,41.5
2020-07-11,20.1,30.1,37.9
2020-07-12,20.2,29.0,11.4
2020-07-13,21.6,26.2,4.0
2020-07-14,24.9,28.2,26.4
2020-07-15,20.6,27.5,56.9
2020-07-16,23.7,31.1,71.8
2020-07-17,21.1,26.2,75.0
2020-07-18,23.3,29.8,53.7
2020-07-19,20.4,26.0,30.2
2020-07-20,20.9,30.6,8.2
2020-07-21,22.0,31.2,40.4
2020-07-22,23.8,29.3,69.0
2020-07-23,24.3,31.9,13.2
2020-07-24,22.7,31.3,70.9
2020-07-25,22.9,29.5,76.6
2020-07-26,21.0,26.6,16.0
2020-07-27,20.6,28.4,43.7
2020-07-28,22.2,31.5,52.6
2020-07-29,23.8,31.5,61.7
2020-07-30,20.0,31.5,53.3
2020-07-31,24.8,31.8,31.1
2020-08-01,23.7,31.2,63.7
2020-08-02,20.5,26.2,4.9
2020-08-03,24.0,29.9,76.7
2020-08-04,22.6,30.7,32.2
2020-08-05,22.9,27.0,33.4
2020-08-06,24.4,29.5,45.4
2020-08-07,24.8,31.3,66.7
2020-08-08,21.6,31.1,70.6
2020-08-09,24.4,30.3,26.2
2020-08-10,24.0,30.9,16.3
2020-08-11,21.5,28.9,38.2
2020-08-12,24.0,30.6,52.9
2020-08-13,23.1,28.1,64.9
2020-08-14,21.1,27.9,0.8
2020-08-15,21.2,30.3,35.6
2020-08-16,21.8,30.5,45.6
2020-08-17,21.8,26.0,55.3
2020-08-18,22.2,29.1,55.6
2020-08-19,22.3,26.4,12.7
2020-08-20,21.4,30.4,61.6
2020-08-21,23.7,27.4,39.0
2020-08-22,20.5,29.7,79.3
2020-08-23,22.1,26.7,73.0
2020-08-24,21.7,29.8,25.4
2020-08-25,23.0,26.9,31.5
2020-08-26,24.4,30.5,10.9
2020-08-27,24.4,26.2,33.8
2020-08-28,24.1,31.1,70.1
2020-08-29,20.9,28.2,75.3
2020-08-30,20.2,31.8,36.1
2020-08-31,23.5,27.0,8.7
2020-09-01,24.6,31.4,20.4
2020-09-02,23.7,28.2,75.5
2020-09-03,24.2,30.0,73.4
2020-09-04,21.8,27.0,19.4
2020-09-05,23.0,27.3,58.5
2020-09-06,22.2,29.5,28.4
2020-09-07,21.0,31.9,44.4
2020-09-08,21.2,27.6,25.5
2020-09-09,21.6,27.2,70.7
2020-09-10,22.7,27.5,42.3
2020-09-11,23.0,28.0,54.9
2020-09-12,24.6,29.2,43.3
2020-09-13,24.7,28.3,52.8
2020-09-14,24.7,27.8,34.7
2020-09-15,21.2,27.4,15.4
2020-09-16,23.8,29.4,2.0
2020-09-17,23.1,29.8,5.7
2020-09-18,24.1,28.7,55.2
2020-09-19,20.0,27.5,29.6
2020-09-20,25.0,28.7,0.7
2020-09-21,20.5,27.0,45.0
2020-09-22,22.5,31.2,49.6
2020-09-23,22.3,28.4,35.0
2020-09-24,23.0,30.0,33.0
2020-09-25,20.9,30.1,37.7
2020-09-26,20.3,26.5,68.5
2020-09-27,23.6,28.5,16.9
2020-09-28,23.4,29.0,79.8
2020-09-29,23.7,27.0,6.8
2020-09-30,21.4,31.8,54.7
2020-10-01,23.1,27.8,44.8
2020-10-02,23.2,31.1,36.8
2020-10-03,23.2,28.1,59.6
2020-10-04,24.3,26.2,73.6
2020-10-05,24.5,31.4,24.0
2020-10-06,24.2,31.6,58.6
2020-10-07,20.4,26.1,30.4
2020-10-08,24.8,27.5,74.6
2020-10-09,22.3,31.8,54.8
2020-10-10,22.0,31.3,6.1
2020-10-11,25.0,29.6,2.9
2020-10-12,20.8,29.3,9.5
2020-10-13,21.2,28.1,24.2
2020-10-14,24.8,30.1,10.9
2020-10-15,24.7,28.6,51.9
2020-10-16,22.1,31.7,41.3
2020-10-17,22.7,28.1,60.0
2020-10-18,23.2,31.2,23.5
2020-10-19,23.6,29.1,70.8
2020-10-20,21.8,28.9,5.6
2020-10-21,21.5,27.7,59.8
2020-10-22,23.7,30.2,31.4
2020-10-23,22.3,26.3,73.6
2020-10-24,20.5,31.9,28.2
2020-10-25,23.6,27.8,37.9
2020-10-26,22.6,30.4,41.6
2020-10-27,22.5,26.8,35.9
2020-10-28,20.7,27.0,57.8
2020-10-29,24.3,28.4,52.2
2020-10-30,20.5,28.0,38.1
2020-10-31,23.6,28.6,0.6
2020-11-01,24.2,30.1,7.9
2020-11-02,23.6,27.9,79.1
2020-11-03,23.8,30.2,31.0
2020-11-04,20.4,31.0,11.8
2020-11-05,21.8,29.0,52.3
2020-11-06,20.9,27.6,49.3
2020-11-07,21.3,29.4,42.5
2020-11-08,23.2,29.0,4.0
2020-11-09,24.5,27.2,70.3
2020-11-10,24.8,29.4,13.2
2020-11-11,20.0,29.2,21.1
2020-11-12,20.9,27.9,60.7
2020-11-13,20.7,31.0,79.5
2020-11-14,22.7,26.8,72.8
2020-11-15,22.0,28.7,44.5
2020-11-16,21.2,27.6,48.4
2020-11-17,24.3,30.9,50.0
2020-11-18,23.7,28.0,36.4
2020-11-19,21.4,30.7,63.0
2020-11-20,22.0,26.0,43.1
2020-11-21,22.7,26.2,61.3
2020-11-22,23.1,30.9,30.6
2020-11-23,21.1,28.4,36.7
2020-11-24,21.4,31.0,49.9
2020-11-25,20.7,26.6,55.6
2020-11-26,24.7,27.0,76.0
2020-11-27,23.0,28.9,2.7
2020-11-28,24.2,27.6,79.7
2020-11-29,22.5,31.5,39.7
2020-11-30,20.5,28.2,54.0
2020-12-01,23.5,28.9,12.5
2020-12-02,20.3,27.3,56.1
2020-12-03,24.2,29.6,54.1
2020-12-04,20.3,30.9,1.2
2020-12-05,22.3,27.7,45.9
2020-12-06,24.9,28.0,79.8
2020-12-07,23.7,26.7,51.2
2020-12-08,24.3,26.7,71.7
2020-12-09,22.0,30.5,57.8
2020-12-10,23.3,27.0,31.7
2020-12-11,20.4,26.0,29.3
2020-12-12,20.5,30.0,25.1
2020-12-13,23.5,26.1,71.6
2020-12-14,24.3,27.0,67.2
2020-12-15,24.3,27.9,1.8
2020-12-16,20.7,31.5,74.1
2020-12-17,20.0,31.4,0.0
2020-12-18,24.0,32.0,68.0
2020-12-19,25.0,31.6,58.0
2020-12-20,23.4,31.7,47.4
2020-12-21,22.3,29.2,40.6
2020-12-22,24.3,31.5,66.1
2020-12-23,22.0,27.8,17.8
2020-12-24,21.5,30.5,23.1
2020-12-25,24.8,30.3,29.8
2020-12-26,23.2,28.0,64.7
2020-12-27,21.2,31.3,62.3
2020-12-28,24.9,27.4,42.8
2020-12-29,23.6,29.7,53.2
2020-12-30,24.7,28.8,32.5
2020-12-31,23.9,30.8,13.3
2021-01-01,21.4,29.3,16.2
2021-01-02,23.3,27.8,3.5
2021-01-03,22.0,27.4,55.6
2021-01-04,24.5,31.8,81.3
2021-01-05,23.4,27.1,12.2
2021-01-06,21.6,26.7,60.6
2021-01-07,23.5,31.5,75.6
2021-01-08,23.1,28.7,2.0
2021-01-09,24.2,29.5,0.5
2021-01-10,25.0,30.9,77.5
2021-01-11,20.6,26.9,62.2
2021-01-12,21.8,26.2,19.8
2021-01-13,22.0,26.6,77.7
2021-01-14,25.0,27.1,59.0
2021-01-15,22.2,31.6,31.5
2021-01-16,24.1,26.2,46.8
2021-01-17,21.2,29.7,77.5
2021-01-18,22.4,27.1,17.2
2021-01-19,22.4,29.3,36.8
2021-01-20,20.2,31.3,53.0
2021-01-21,24.0,31.4,72.3
2021-01-22,20.4,31.4,60.1
2021-01-23,21.1,27.1,10.7
2021-01-24,23.1,27.8,3.7
2021-01-25,22.5,29.9,1.7
2021-01-26,21.4,29.1,78.4
2021-01-27,20.6,28.3,62.8
2021-01-28,21.8,28.8,51.1
2021-01-29,20.1,27.0,9.7
2021-01-30,23.2,29.8,22.9
2021-01-31,22.6,30.4,52.6
2021-02-01,21.5,28.6,43.1
2021-02-02,21.6,31.6,80.3
2021-02-03,23.9,29.5,26.9
2021-02-04,20.2,28.6,51.5
2021-02-05,22.0,29.5,65.8
2021-02-06,24.4,30.5,77.7
2021-02-07,20.5,32.0,28.0
2021-02-08,20.9,27.0,65.1
2021-02-09,22.9,31.1,50.8
2021-02-10,24.1,30.2,63.2
2021-02-11,20.6,27.0,63.5
2021-02-12,20.8,31.3,64.9
2021-02-13,24.1,30.6,41.1
2021-02-14,22.5,31.3,49.3
2021-02-15,23.4,31.3,37.7
2021-02-16,22.9,29.5,15.1
2021-02-17,23.5,29.6,8.0
2021-02-18,23.8,31.4,34.8
2021-02-19,23.6,31.3,8.4
2021-02-20,24.3,30.8,69.6
2021-02-21,23.8,29.0,8.2
2021-02-22,24.8,27.6,41.0
2021-02-23,22.8,28.1,34.7
2021-02-24,22.8,29.2,35.7
2021-02-25,21.5,30.0,13.3
2021-02-26,21.2,31.5,71.8
2021-02-27,21.0,26.7,13.9
2021-02-28,23.6,30.6,80.8
2021-03-01,24.5,30.3,42.4
2021-03-02,23.0,27.3,63.5
2021-03-03,20.6,29.1,37.8
2021-03-04,24.1,30.5,39.9
2021-03-05,20.6,27.6,68.0
2021-03-06,22.8,29.2,71.6
2021-03-07,23.6,30.1,30.8
2021-03-08,22.0,27.6,1.4
2021-03-09,21.6,26.2,56.8
2021-03-10,22.4,27.7,31.5
2021-03-11,20.9,29.4,77.6
2021-03-12,23.2,29.1,11.9
2021-03-13,22.4,28.9,48.2
2021-03-14,22.2,29.5,35.7
2021-03-15,21.8,31.9,49.3
2021-03-16,23.2,28.0,11.5
2021-03-17,23.1,27.1,13.5
2021-03-18,24.3,27.5,63.5
2021-03-19,24.8,28.7,8.1
2021-03-20,25.0,29.7,19.4
2021-03-21,22.5,28.4,63.5
2021-03-22,22.0,31.6,42.1
2021-03-23,23.2,31.7,42.6
2021-03-24,20.8,30.3,20.9
2021-03-25,22.5,30.7,41.8
2021-03-26,20.1,26.6,8.8
2021-03-27,20.0,29.0,70.2
2021-03-28,24.1,28.0,4.8
2021-03-29,22.0,27.4,38.3
2021-03-30,22.2,26.7,4.2
2021-03-31,20.0,28.7,56.4
2021-04-01,21.0,31.4,54.2
2021-04-02,21.1,26.4,55.3
2021-04-03,22.8,28.9,48.3
2021-04-04,22.7,27.3,63.4
2021-04-05,23.8,28.2,65.7
2021-04-06,22.8,31.9,34.1
2021-04-07,21.4,26.8,54.1
2021-04-08,22.2,29.0,10.5
2021-04-09,22.5,32.0,41.3
2021-04-10,21.7,30.7,73.2
2021-04-11,23.5,29.5,38.2
2021-04-12,23.6,30.6,51.6
2021-04-13,23.8,30.8,8.6
2021-04-14,20.8,29.9,69.8
2021-04-15,23.3,29.6,55.7
2021-04-16,24.8,27.7,31.0
2021-04-17,22.8,31.8,43.2
2021-04-18,20.0,31.1,34.8
2021-04-19,20.3,30.5,7.1
2021-04-20,23.1,26.9,49.0
2021-04-21,25.0,29.1,49.0
2021-04-22,23.0,27.2,8.1
2021-04-23,22.9,28.1,42.9
2021-04-24,22.5,28.3,25.9
2021-04-25,21.3,28.9,51.3
2021-04-26,23.4,29.0,21.5
2021-04-27,20.1,26.9,40.6
2021-04-28,23.4,27.0,48.0
2021-04-29,21.3,27.0,41.7
2021-04-30,20.1,26.9,70.1
2021-05-01,24.4,28.4,39.2
2021-05-02,22.6,29.3,19.9
2021-05-03,24.0,28.2,75.4
2021-05-04,21.3,30.5,72.3
2021-05-05,24.7,29.9,11.3
2021-05-06,24.1,31.0,72.6
2021-05-07,21.9,31.7,37.4
2021-05-08,23.9,27.8,66.4
2021-05-09,20.6,26.1,29.8
2021-05-10,24.0,27.7,26.0
2021-05-11,20.0,29.3,13.4
2021-05-12,21.8,30.2,46.4
2021-05-13,21.6,28.3,44.3
2021-05-14,22.3,30.8,25.1
2021-05-15,22.8,30.3,47.6
2021-05-16,23.7,31.7,50.5
2021-05-17,20.2,29.5,32.4
2021-05-18,23.7,26.5,17.7
2021-05-19,23.8,26.0,42.4
2021-05-20,24.8,31.8,53.3
2021-05-21,21.6,27.1,69.9
2021-05-22,22.6,27.6,75.6
2021-05-23,22.7,28.9,77.3
2021-05-24,21.4,27.8,61.3
2021-05-25,24.2,31.5,2.7
2021-05-26,20.8,28.3,57.3
2021-05-27,24.3,26.0,74.2
2021-05-28,21.2,29.1,21.8
2021-05-29,20.7,31.3,1.1
2021-05-30,21.0,31.0,40.8
2021-05-31,20.4,31.3,49.1
2021-06-01,23.2,27.7,14.6
2021-06-02,22.1,27.7,15.0
2021-06-03,23.5,28.1,75.6
2021-06-04,21.6,31.6,37.7
2021-06-05,23.5,31.9,4.0
2021-06-06,23.9,30.6,11.1
2021-06-07,23.4,30.6,38.0
2021-06-08,21.6,30.8,78.2
2021-06-09,25.0,31.3,74.2
2021-06-10,24.9,30.4,4.0
2021-06-11,21.1,27.5,52.2
2021-06-12,24.3,31.5,5.5
2021-06-13,20.4,28.1,6.3
2021-06-14,21.8,29.3,81.8
2021-06-15,23.4,31.5,46.2
2021-06-16,23.4,27.7,60.5
2021-06-17,21.4,28.8,36.2
2021-06-18,22.6,30.8,28.7
2021-06-19,24.2,26.0,12.0
2021-06-20,22.8,27.4,37.7
2021-06-21,22.3,29.3,0.6
2021-06-22,23.7,29.7,13.6
2021-06-23,20.1,30.5,63.9
2021-06-24,22.4,32.0,32.8
2021-06-25,20.4,28.2,65.2
2021-06-26,22.0,26.7,51.4
2021-06-27,24.4,29.4,76.7
2021-06-28,22.5,29.8,11.4
2021-06-29,23.5,29.6,72.6
2021-06-30,22.6,26.0,17.7
2021-07-01,22.4,27.1,9.2
2021-07-02,20.2,28.9,25.9
2021-07-03,24.6,31.2,68.6
2021-07-04,22.5,29.2,31.6
2021-07-05,20.3,26.6,80.5
2021-07-06,24.8,26.0,50.6
2021-07-07,24.2,31.5,26.1
2021-07-08,24.8,31.8,1.1
2021-07-09,20.9,28.1,9.2
2021-07-10,20.3,26.3,64.7
2021-07-11,24.7,28.6,58.6
2021-07-12,23.5,31.0,56.5
2021-07-13,20.5,29.6,4.9
2021-07-14,21.9,29.2,21.2
2021-07-15,22.3,31.7,70.3
2021-07-16,22.9,29.2,54.0
2021-07-17,20.2,29.8,75.2
2021-07-18,24.5,31.3,77.4
2021-07-19,23.5,26.9,0.8
2021-07-20,23.6,26.1,33.3
2021-07-21,23.6,26.6,38.9
2021-07-22,20.2,29.8,38.6
2021-07-23,21.2,30.5,18.6
2021-07-24,23.9,30.2,69.1
2021-07-25,22.2,29.8,71.3
2021-07-26,23.4,27.6,68.6
2021-07-27,20.1,30.6,22.1
2021-07-28,21.0,29.1,29.6
2021-07-29,21.3,29.7,21.7
2021-07-30,20.4,31.4,42.4
2021-07-31,23.0,28.9,9.5
2021-08-01,24.3,31.2,76.0
2021-08-02,22.7,30.1,81.3
2021-08-03,20.4,26.2,11.7
2021-08-04,23.2,26.6,60.9
2021-08-05,23.4,28.8,81.9
2021-08-06,22.8,26.4,69.2
2021-08-07,24.6,27.6,17.3
2021-08-08,22.6,27.3,2.7
2021-08-09,20.7,29.2,52.8
2021-08-10,22.8,26.5,29.4
2021-08-11,23.0,29.6,48.3
2021-08-12,22.9,28.2,74.5
2021-08-13,20.7,32.0,54.8
2021-08-14,25.0,29.2,13.9
2021-08-15,20.6,26.9,31.5
2021-08-16,24.5,29.0,76.1
2021-08-17,24.2,30.6,29.7
2021-08-18,23.6,30.2,57.9
2021-08-19,23.2,26.4,71.7
2021-08-20,20.4,28.8,56.7
2021-08-21,24.6,30.4,78.1
2021-08-22,20.1,30.0,24.6
2021-08-23,21.4,28.3,49.1
2021-08-24,24.3,29.5,72.7
2021-08-25,22.7,27.1,73.4
2021-08-26,24.6,30.2,28.5
2021-08-27,21.1,31.6,27.4
2021-08-28,22.9,28.7,8.7
2021-08-29,23.3,26.4,27.2
2021-08-30,21.5,27.7,70.8
2021-08-31,24.4,28.4,20.6
2021-09-01,22.1,31.9,46.5
2021-09-02,22.1,29.9,12.7
2021-09-03,21.7,28.9,78.5
2021-09-04,20.6,27.3,17.0
2021-09-05,24.9,26.6,48.4
2021-09-06,24.4,29.1,4.8
2021-09-07,24.1,28.2,19.2
2021-09-08,21.9,30.1,76.3
2021-09-09,22.1,28.3,23.8
2021-09-10,20.2,29.7,3.4
2021-09-11,20.6,31.9,59.3
2021-09-12,20.1,30.2,39.6
2021-09-13,24.3,27.1,58.0
2021-09-14,20.9,30.3,61.8
2021-09-15,21.0,26.1,67.5
2021-09-16,21.1,29.7,39.9
2021-09-17,24.9,28.4,65.9
2021-09-18,23.1,26.5,52.7
2021-09-19,24.2,31.9,73.3
2021-09-20,24.3,29.6,43.9
2021-09-21,21.7,30.9,74.0
2021-09-22,21.6,31.5,44.1
2021-09-23,22.0,30.4,41.2
2021-09-24,20.0,31.8,5.5
2021-09-25,24.8,26.8,17.5
2021-09-26,21.6,30.2,50.2
2021-09-27,21.0,27.9,17.3
2021-09-28,22.1,31.5,50.4
2021-09-29,23.7,27.8,57.5
2021-09-30,21.7,28.6,62.1
2021-10-01,25.0,30.1,46.1
2021-10-02,22.3,26.9,33.0
2021-10-03,20.7,29.2,8.4
2021-10-04,21.9,26.3,75.9
2021-10-05,24.7,26.8,0.0
2021-10-06,20.5,31.7,47.6
2021-10-07,22.4,29.0,68.1
2021-10-08,23.9,31.2,24.1
2021-10-09,22.7,31.5,24.8
2021-10-10,22.2,28.2,57.4
2021-10-11,22.4,31.8,40.4
2021-10-12,24.7,31.4,65.8
2021-10-13,22.2,32.0,35.4
2021-10-14,24.3,26.3,48.6
2021-10-15,24.8,28.3,35.4
2021-10-16,21.0,29.8,55.5
2021-10-17,20.0,28.6,23.9
2021-10-18,24.3,27.6,20.2
2021-10-19,21.9,29.7,28.6
2021-10-20,21.9,27.9,4.4
2021-10-21,23.7,31.0,64.4
2021-10-22,21.1,31.0,72.3
2021-10-23,20.0,26.5,29.5
2021-10-24,24.5,29.4,58.9
2021-10-25,21.0,28.0,81.2
2021-10-26,25.0,26.6,44.6
2021-10-27,23.9,30.1,0.2
2021-10-28,22.9,30.2,61.0
2021-10-29,20.0,31.4,7.3
2021-10-30,21.1,29.6,1.0
2021-10-31,20.1,26.7,24.0
2021-11-01,20.7,30.2,78.0
2021-11-02,21.8,27.4,8.1
2021-11-03,20.3,28.3,24.9
2021-11-04,20.1,31.4,7.1
2021-11-05,22.7,26.8,75.5
2021-11-06,23.0,28.2,57.6
2021-11-07,22.7,27.9,3.9
2021-11-08,21.8,28.6,38.6
2021-11-09,23.7,28.7,27.8
2021-11-10,23.7,28.7,18.1
2021-11-11,21.3,28.6,65.8
2021-11-12,20.5,30.8,52.9
2021-11-13,22.0,26.0,26.0
2021-11-14,21.7,31.7,3.4
2021-11-15,24.7,29.1,80.3
2021-11-16,23.4,30.3,50.7
2021-11-17,22.3,29.9,30.5
2021-11-18,23.8,27.6,23.9
2021-11-19,20.2,28.4,77.5
2021-11-20,24.6,31.1,75.8
2021-11-21,22.4,26.5,41.1
2021-11-22,21.2,30.8,50.6
2021-11-23,24.7,26.9,77.3
2021-11-24,23.5,31.4,11.4
2021-11-25,20.3,28.6,68.2
2021-11-26,20.0,26.3,6.0
2021-11-27,21.8,30.3,40.4
2021-11-28,20.6,32.0,72.7
2021-11-29,23.1,26.3,13.5
2021-11-30,21.3,29.0,45.9
2021-12-01,24.0,28.4,52.1
2021-12-02,21.5,31.3,16.2
2021-12-03,23.6,27.3,71.4
2021-12-04,22.7,29.6,30.2
2021-12-05,24.3,30.3,69.2
2021-12-06,21.0,31.3,43.7
2021-12-07,22.2,30.6,27.4
2021-12-08,20.4,27.4,54.4
2021-12-09,23.5,29.5,75.5
2021-12-10,22.4,29.9,6.3
2021-12-11,23.9,28.5,37.5
2021-12-12,24.8,31.5,72.0
2021-12-13,22.3,29.7,47.4
2021-12-14,22.6,26.0,54.9
2021-12-15,20.4,28.0,68.6
2021-12-16,20.0,26.5,77.8
2021-12-17,23.7,26.5,38.4
2021-12-18,20.3,26.0,59.1
2021-12-19,21.6,27.2,32.1
2021-12-20,24.6,31.5,46.1
2021-12-21,21.4,26.0,39.5
2021-12-22,21.6,27.1,0.1
2021-12-23,20.3,31.3,5.0
2021-12-24,21.1,27.4,77.2
2021-12-25,20.9,28.8,57.5
2021-12-26,20.1,29.5,43.8
2021-12-27,21.5,32.0,73.7
2021-12-28,24.6,26.7,39.3
2021-12-29,22.4,26.8,38.4
2021-12-30,23.0,27.5,49.2
2021-12-31,23.9,27.2,54.9
2022-01-01,23.4,26.8,18.9
2022-01-02,23.3,28.4,36.9
2022-01-03,22.2,30.2,17.4
2022-01-04,25.0,30.9,18.2
2022-01-05,21.2,31.8,62.8
2022-01-06,24.8,30.3,48.4
2022-01-07,23.4,28.8,74.9
2022-01-08,21.8,29.6,21.6
2022-01-09,24.4,28.2,76.1
2022-01-10,21.8,26.3,41.4
2022-01-11,21.4,26.7,14.2
2022-01-12,21.2,27.7,27.5
2022-01-13,23.2,30.7,9.0
2022-01-14,24.9,29.3,68.2
2022-01-15,20.9,31.1,30.8
2022-01-16,21.9,28.4,28.1
2022-01-17,24.0,29.4,74.1
2022-01-18,23.4,26.0,33.9
2022-01-19,21.6,28.0,4.7
2022-01-20,24.3,29.4,26.6
2022-01-21,22.0,26.8,75.7
2022-01-22,23.1,27.8,11.0
2022-01-23,24.2,30.0,68.3
2022-01-24,23.9,30.3,27.7
2022-01-25,20.8,29.8,66.5
2022-01-26,22.5,28.4,40.9
2022-01-27,20.1,27.9,28.5
2022-01-28,20.9,28.7,13.3
2022-01-29,22.7,26.9,29.8
2022-01-30,22.2,28.8,10.6
2022-01-31,22.6,29.3,53.9
2022-02-01,20.0,28.5,45.7
2022-02-02,21.2,30.0,66.8
2022-02-03,21.2,28.7,63.0
2022-02-04,24.7,27.3,24.7
2022-02-05,21.7,28.4,33.5
2022-02-06,23.7,27.7,65.5
2022-02-07,21.0,30.1,28.8
2022-02-08,22.7,26.5,35.8
2022-02-09,22.9,29.7,17.8
2022-02-10,21.1,27.4,22.8
2022-02-11,20.9,29.5,22.1
2022-02-12,22.7,27.4,25.0
2022-02-13,21.8,31.1,69.9
2022-02-14,22.5,29.4,36.4
2022-02-15,20.2,31.0,55.3
2022-02-16,23.3,30.8,63.6
2022-02-17,23.3,30.4,54.9
2022-02-18,21.0,27.2,30.1
2022-02-19,21.6,30.4,1.4
2022-02-20,21.2,27.1,59.2
2022-02-21,22.7,26.1,23.2
2022-02-22,23.1,30.5,13.5
2022-02-23,22.5,31.9,15.1
2022-02-24,21.5,28.9,29.7
2022-02-25,24.1,29.1,81.3
2022-02-26,24.8,27.0,52.4
2022-02-27,20.1,27.5,19.7
2022-02-28,23.5,26.3,45.9
2022-03-01,22.6,29.6,79.4
2022-03-02,24.9,30.1,73.1
2022-03-03,20.9,27.5,42.3
2022-03-04,24.3,31.1,11.1
2022-03-05,22.5,28.4,9.4
2022-03-06,21.2,26.5,54.3
2022-03-07,22.5,28.7,68.5
2022-03-08,23.7,31.3,27.7
2022-03-09,21.5,27.9,22.7
2022-03-10,23.7,27.4,9.1
2022-03-11,22.9,28.9,18.5
2022-03-12,24.9,31.3,44.0
2022-03-13,24.9,29.0,43.6
2022-03-14,21.3,26.0,63.4
2022-03-15,24.0,30.0,24.0
2022-03-16,20.4,28.5,77.2
2022-03-17,24.8,30.2,28.2
2022-03-18,22.2,28.0,9.8
2022-03-19,21.7,28.8,55.9
2022-03-20,21.1,27.2,28.3
2022-03-21,23.1,31.2,13.8
2022-03-22,24.2,28.4,77.3
2022-03-23,23.1,30.4,7.3
2022-03-24,21.6,30.8,30.4
2022-03-25,22.1,26.3,28.4
2022-03-26,24.4,31.0,22.8
2022-03-27,24.1,27.2,18.2
2022-03-28,23.8,28.2,14.2
2022-03-29,20.9,26.1,47.3
2022-03-30,23.3,26.0,42.3
2022-03-31,24.4,31.1,42.6
2022-04-01,20.4,31.5,44.3
2022-04-02,24.7,30.0,40.7
2022-04-03,22.6,31.7,35.1
2022-04-04,21.5,28.0,81.9
2022-04-05,22.1,26.7,0.2
2022-04-06,22.1,29.5,71.6
2022-04-07,22.9,28.8,77.5
2022-04-08,24.7,28.5,57.5
2022-04-09,21.4,26.7,17.2
2022-04-10,20.7,29.3,20.4
2022-04-11,21.2,30.4,65.8
2022-04-12,21.1,30.0,28.5
2022-04-13,22.7,29.7,22.2
2022-04-14,24.9,26.5,67.7
2022-04-15,23.3,29.8,26.7
2022-04-16,24.5,28.9,58.7
2022-04-17,22.6,28.2,9.9
2022-04-18,24.7,28.2,81.1
2022-04-19,23.0,26.7,34.6
2022-04-20,21.5,30.3,41.3
2022-04-21,24.9,27.2,77.1
2022-04-22,21.9,31.0,15.0
2022-04-23,22.7,27.3,9.9
2022-04-24,24.4,28.5,68.0
2022-04-25,25.0,27.2,78.9
2022-04-26,24.0,28.7,60.3
2022-04-27,24.6,29.1,57.7
2022-04-28,20.7,27.4,80.4
2022-04-29,25.0,32.0,69.4
2022-04-30,23.3,30.8,50.4
2022-05-01,22.1,28.9,3.4
2022-05-02,22.1,29.0,23.6
2022-05-03,23.7,31.3,56.2
2022-05-04,22.4,30.8,75.3
2022-05-05,21.3,29.4,1.5
2022-05-06,24.6,31.5,14.8
2022-05-07,24.8,26.3,36.6
2022-05-08,24.4,29.4,73.7
2022-05-09,20.4,31.3,74.5
2022-05-10,21.7,30.3,23.1
2022-05-11,24.1,28.0,1.0
2022-05-12,22.9,31.5,22.2
2022-05-13,24.1,30.0,11.9
2022-05-14,21.1,29.1,1.4
2022-05-15,21.2,32.0,22.6
2022-05-16,20.8,30.4,16.0
2022-05-17,20.4,30.0,13.4
2022-05-18,21.8,26.3,23.8
2022-05-19,21.4,27.0,71.6
2022-05-20,24.1,28.2,77.6
2022-05-21,22.3,27.0,13.5
2022-05-22,21.8,31.4,59.0
2022-05-23,21.1,30.5,40.7
2022-05-24,21.7,31.2,23.4
2022-05-25,22.7,30.8,4.0
2022-05-26,21.4,27.8,26.5
2022-05-27,21.5,27.5,2.0
2022-05-28,20.3,26.2,2.9
2022-05-29,23.7,27.4,75.4
2022-05-30,20.9,31.1,41.8
2022-05-31,23.2,27.9,38.8
2022-06-01,23.6,30.4,66.9
2022-06-02,22.8,31.0,0.0
2022-06-03,23.0,30.0,4.3
2022-06-04,22.8,30.9,0.0
2022-06-05,23.0,31.1,1.7
2022-06-06,23.1,31.0,0.2
2022-06-07,22.2,33.8,6.0
2022-06-08,24.2,32.0,0.0
2022-06-09,23.0,30.0,16.9
2022-06-10,23.0,31.0,0.0
2022-06-11,23.5,31.6,0.0
2022-06-12,19.0,31.8,18.1
2022-06-13,23.2,30.8,4.6
2022-06-14,22.9,30.6,25.0
2022-06-15,23.0,32.4,0.0
2022-06-16,23.5,30.4,1.2
2022-06-17,23.0,30.0,6.8
2022-06-18,22.6,30.5,7.0
2022-06-19,22.7,31.8,23.0
2022-06-20,22.8,31.6,8888.0
2022-06-21,22.8,32.6,8888.0
2022-06-22,23.6,32.5,0.0
2022-06-23,22.0,31.6,0.0
2022-06-24,23.1,31.2,8888.0
2022-06-25,23.2,30.6,0.0
2022-06-26,23.2,29.8,0.0
2022-06-27,23.0,29.2,8.8
2022-06-28,22.2,30.8,0.0
2022-06-29,21.0,30.2,0.0
2022-06-30,20.9,31.0,0.0
2022-07-01,20.2,31.4,0.0
2022-07-02,21.5,30.9,0.0
2022-07-03,23.1,32.4,0.0
2022-07-04,23.4,33.6,7.5
2022-07-05,22.8,31.9,0.0
2022-07-06,24.1,30.2,0.0
2022-07-07,22.0,31.1,8888.0
2022-07-08,22.0,30.0,0.0
2022-07-09,20.6,28.8,0.0
2022-07-10,20.7,30.7,0.0
2022-07-11,22.0,31.7,0.0
2022-07-12,22.0,32.1,0.0
2022-07-13,23.8,31.0,8888.0
2022-07-14,23.8,32.2,4.7
2022-07-15,23.8,31.5,0.0
2022-07-16,23.0,27.9,8888.0
2022-07-17,22.8,31.0,8888.0
2022-07-18,22.5,30.3,0.0
2022-07-19,22.9,32.2,0.0
2022-07-20,21.0,31.0,0.0
2022-07-21,21.7,29.9,0.0
2022-07-22,21.8,30.2,0.0
2022-07-23,22.6,29.4,0.0
2022-07-24,23.3,30.7,8888.0
2022-07-25,19.8,30.2,0.0
2022-07-26,18.0,31.0,0.0
2022-07-27,19.1,31.2,0.0
2022-07-28,21.8,31.2,0.0
2022-07-29,21.6,31.4,0.0
2022-07-30,21.4,30.6,0.0
2022-07-31,21.0,30.4,0.0
2022-08-01,21.8,32.2,0.0
2022-08-02,23.0,31.0,0.0
2022-08-03,22.4,31.0,0.0
2022-08-04,22.4,32.8,0.0
2022-08-05,20.0,31.6,0.0
2022-08-06,20.8,31.0,0.0
2022-08-07,22.6,29.6,6.0
2022-08-08,21.8,30.6,0.0
2022-08-09,22.8,31.6,0.0
2022-08-10,23.8,31.2,0.0
2022-08-11,23.8,30.0,0.0
2022-08-12,24.8,31.6,0.0
2022-08-13,22.3,30.8,65.1
2022-08-14,22.4,30.6,1.9
2022-08-15,23.2,32.8,8888.0
2022-08-16,24.3,31.6,1.0
2022-08-17,23.4,0.0,0.0
2022-08-18,23.8,31.2,0.0
2022-08-19,22.6,30.0,0.0
2022-08-20,21.8,31.4,0.0
2022-08-21,22.1,29.8,0.0
2022-08-22,21.5,31.2,0.0
2022-08-23,22.0,31.2,0.0
2022-08-24,21.8,31.0,0.0
2022-08-25,22.4,31.0,0.0
2022-08-26,21.6,31.2,0.0
2022-08-27,21.6,30.8,0.0
2022-08-28,23.3,0.0,8888.0
2022-08-29,21.1,28.0,0.0
2022-08-30,22.4,29.4,0.0
2022-08-31,23.6,30.2,2.0
2022-09-01,23.0,32.2,1.0
2022-09-02,24.0,32.0,0.0
2022-09-03,23.8,30.8,0.0
2022-09-04,21.6,30.6,0.0
2022-09-05,22.7,31.0,0.0
2022-09-06,22.8,31.4,0.0
2022-09-07,23.0,32.2,0.0
2022-09-08,23.0,30.8,1.0
2022-09-09,23.0,31.4,28.0
2022-09-10,22.6,30.4,48.8
2022-09-11,23.4,29.6,8.8
2022-09-12,22.8,33.4,0.0
2022-09-13,24.0,32.4,0.0
2022-09-14,22.6,32.1,0.0
2022-09-15,23.6,30.6,0.0
2022-09-16,23.6,32.2,0.0
2022-09-17,22.8,32.2,0.0
2022-09-18,23.0,32.0,0.0
2022-09-19,23.2,31.3,0.0
2022-09-20,23.9,32.0,0.0
2022-09-21,23.6,31.6,0.0
2022-09-22,24.0,31.2,0.0
2022-09-23,25.2,32.0,8888.0
2022-09-24,24.2,31.0,6.6
2022-09-25,24.0,32.0,0.0
2022-09-26,24.2,31.0,8888.0
2022-09-27,23.8,31.0,0.5
2022-09-28,23.0,31.4,0.0
2022-09-29,23.6,30.8,0.0
2022-09-30,24.1,30.0,0.2
2022-10-01,24.6,31.0,31.4
2022-10-02,23.0,30.3,5.0
2022-10-03,22.8,29.8,45.0
2022-10-04,23.4,31.0,39.6
2022-10-05,23.4,30.0,8888.0
2022-10-06,23.7,29.4,0.6
2022-10-07,23.6,30.2,1.1
2022-10-08,23.8,30.2,20.2
2022-10-09,23.1,30.4,8.8
2022-10-10,23.2,30.8,10.1
2022-10-11,24.2,31.0,0.5
2022-10-12,23.2,29.6,8888.0
2022-10-13,23.7,28.7,3.9
2022-10-14,23.6,28.3,2.0
2022-10-15,23.6,29.8,1.2
2022-10-16,23.6,30.3,0.8
2022-10-17,23.8,27.0,1.0
2022-10-18,23.4,26.2,28.5
2022-10-19,22.8,30.1,17.0
2022-10-20,22.8,28.4,22.4
2022-10-21,24.2,28.0,2.9
2022-10-22,22.2,31.8,14.8
2022-10-23,23.8,31.2,0.0
2022-10-24,23.8,31.2,8888.0
2022-10-25,23.0,31.0,2.3
2022-10-26,22.7,28.0,16.6
2022-10-27,22.4,29.2,7.6
2022-10-28,23.2,30.0,0.0
2022-10-29,21.8,28.2,0.0
2022-10-30,22.6,27.4,2.0
2022-10-31,22.2,30.4,8888.0
2022-11-01,23.6,27.8,0.2
2022-11-02,23.8,31.3,16.4
2022-11-03,24.4,32.2,2.0
2022-11-04,23.0,30.6,9.2
2022-11-05,23.6,31.6,0.6
2022-11-06,24.8,30.4,0.0
2022-11-07,22.8,30.6,32.7
2022-11-08,22.6,31.8,67.6
2022-11-09,23.2,31.2,17.3
2022-11-10,23.3,32.2,1.6
2022-11-11,24.0,29.0,0.8
2022-11-12,23.5,32.2,0.0
2022-11-13,23.2,30.0,22.5
2022-11-14,23.8,31.8,5.0
2022-11-15,23.0,31.8,18.6
2022-11-16,23.2,31.1,26.0
2022-11-17,23.4,31.6,5.0
2022-11-18,23.8,32.2,15.2
2022-11-19,22.0,32.2,12.4
2022-11-20,23.2,29.2,7.6
2022-11-21,23.2,30.6,4.3
2022-11-22,23.8,29.6,1.5
2022-11-23,23.0,31.2,2.8
2022-11-24,23.4,30.2,11.4
2022-11-25,22.2,31.0,2.5
2022-11-26,23.2,27.4,22.6
2022-11-27,23.0,30.3,2.5
2022-11-28,23.6,28.0,1.0
2022-11-29,22.8,29.8,8888.0
2022-11-30,23.0,26.2,32.3
2022-12-01,22.8,30.6,16.2
2022-12-02,22.6,31.0,0.0
2022-12-03,23.8,29.8,2.8
2022-12-04,24.0,31.4,0.0
2022-12-05,23.6,31.0,10.0
2022-12-06,22.8,31.6,48.1
2022-12-07,22.8,32.2,25.0
2022-12-08,24.0,30.8,46.3
2022-12-09,23.4,32.1,0.0
2022-12-10,23.4,31.2,0.0
2022-12-11,23.4,31.4,0.0
2022-12-12,23.4,31.2,11.8
2022-12-13,23.8,31.2,2.6
2022-12-14,23.8,31.0,3.7
2022-12-15,24.0,30.6,13.0
2022-12-16,23.8,30.8,3.1
2022-12-17,23.0,32.7,0.5
2022-12-18,24.0,32.4,0.0
2022-12-19,23.8,31.7,0.0
2022-12-20,23.6,32.4,0.0
2022-12-21,24.1,32.7,0.0
2022-12-22,23.8,30.0,11.1
2022-12-23,22.8,31.0,18.6
2022-12-24,0.0,30.4,12.8
2022-12-25,23.6,29.2,10.0
2022-12-26,23.8,28.0,8.4
2022-12-27,22.5,28.8,75.5
2022-12-28,23.2,29.7,10.1
2022-12-29,23.0,30.6,30.0
2022-12-30,24.0,29.8,1.5
2022-12-31,23.1,30.8,0.0
2023-01-01,23.0,32.2,8888.0
2023-01-02,23.9,31.2,2.8
2023-01-03,23.9,29.2,10.5
2023-01-04,23.2,30.0,4.5
2023-01-05,0.0,29.4,26.5
2023-01-06,23.4,30.2,13.2
2023-01-07,24.2,31.0,12.0
2023-01-08,24.0,30.4,21.2
2023-01-09,23.9,30.1,0.0
2023-01-10,24.8,30.7,2.2
2023-01-11,24.4,29.3,0.8
2023-01-12,23.7,30.6,8888.0
2023-01-13,24.1,31.3,0.2
2023-01-14,23.9,30.4,0.2
2023-01-15,25.3,30.0,8.0
2023-01-16,24.3,29.3,7.2
2023-01-17,24.0,30.3,11.8
2023-01-18,24.4,29.5,8888.0
2023-01-19,24.0,30.6,8888.0
2023-01-20,24.3,31.5,0.0
2023-01-21,23.5,29.8,2.8
2023-01-22,24.6,29.6,7.4
2023-01-23,23.6,0.0,14.8
2023-01-24,0.0,0.0,0.0
2023-01-25,24.4,29.0,0.6
2023-01-26,24.5,30.7,30.0
2023-01-27,23.5,30.4,10.2
2023-01-28,24.4,29.7,0.0
2023-01-29,23.7,31.7,0.2
2023-01-30,24.5,29.1,8888.0
2023-01-31,24.2,30.6,11.4
2023-02-01,23.1,29.1,37.2
2023-02-02,23.6,30.1,1.4
2023-02-03,22.6,29.6,25.4
2023-02-04,23.8,0.0,0.0
2023-02-05,25.6,30.2,3.4
2023-02-06,24.3,30.7,2.2
2023-02-07,24.4,31.3,3.3
2023-02-08,23.6,29.5,12.0
2023-02-09,24.1,29.9,0.2
2023-02-10,24.1,30.6,3.6
2023-02-11,23.5,29.8,3.2
2023-02-12,23.9,30.0,13.0
2023-02-13,23.9,29.7,15.2
2023-02-14,23.9,30.5,51.8
2023-02-15,23.5,29.5,26.4
2023-02-16,23.9,29.9,6.0
2023-02-17,24.1,29.6,8888.0
2023-02-18,24.5,29.7,8888.0
2023-02-19,24.6,30.3,8888.0
2023-02-20,24.0,29.8,4.2
2023-02-21,25.4,31.5,3.6
2023-02-22,24.5,30.6,0.6
2023-02-23,24.7,30.4,0.0
2023-02-24,24.6,30.0,7.4
2023-02-25,25.1,29.6,0.2
2023-02-26,25.7,30.4,1.8
2023-02-27,23.9,29.8,11.2
2023-02-28,24.1,31.7,2.6
2023-03-01,24.1,29.0,0.4
2023-03-02,24.0,28.0,68.0
2023-03-03,24.3,29.8,4.6
2023-03-04,24.2,30.3,5.4
2023-03-05,23.8,29.6,0.6
2023-03-06,24.3,30.6,11.4
2023-03-07,24.7,29.7,3.8
2023-03-08,23.9,30.7,0.2
2023-03-09,24.0,29.8,0.0
2023-03-10,23.8,30.1,0.0
2023-03-11,0.0,0.0,2.6
2023-03-12,23.6,30.8,0.4
2023-03-13,24.2,30.3,68.0
2023-03-14,23.2,31.9,4.6
2023-03-15,23.6,30.9,0.0
2023-03-16,24.6,31.8,8888.0
2023-03-17,25.5,30.6,0.0
2023-03-18,23.6,31.3,0.4
2023-03-19,24.6,31.7,0.0
2023-03-20,24.0,31.7,2.2
2023-03-21,23.8,30.7,27.6
2023-03-22,24.3,30.1,39.8
2023-03-23,24.6,31.0,0.2
2023-03-24,24.5,30.7,8888.0
2023-03-25,24.9,31.5,1.2
2023-03-26,24.3,30.7,0.0
2023-03-27,24.7,28.8,2.4
2023-03-28,23.8,30.9,34.6
2023-03-29,24.0,31.2,8888.0
2023-03-30,23.8,32.0,0.6
2023-03-31,24.7,31.9,2.2
2023-04-01,23.6,31.2,2.0
2023-04-02,24.6,30.8,0.0
2023-04-03,24.9,30.3,0.0
2023-04-04,23.9,30.9,0.3
2023-04-05,23.5,30.4,1.2
2023-04-06,24.2,31.0,0.0
2023-04-07,25.4,31.9,0.0
2023-04-08,23.9,30.8,0.0
2023-04-09,24.0,31.2,8888.0
2023-04-10,24.1,29.3,7.6
2023-04-11,24.3,30.6,13.2
2023-04-12,24.7,30.7,5.0
2023-04-13,23.4,29.0,62.4
2023-04-14,23.9,29.0,5.0
2023-04-15,24.1,29.9,2.4
2023-04-16,24.4,31.2,1.2
2023-04-17,23.7,30.9,0.0
2023-04-18,24.2,31.2,8888.0
2023-04-19,24.0,30.7,0.0
2023-04-20,25.2,30.8,5.6
2023-04-21,24.1,30.8,7.6
2023-04-22,24.5,31.7,0.0
2023-04-23,24.1,31.1,0.2
2023-04-24,24.6,31.0,11.6
2023-04-25,25.4,30.7,0.0
2023-04-26,25.2,30.6,0.2
2023-04-27,25.8,31.0,0.0
2023-04-28,25.6,30.8,0.4
2023-04-29,24.9,30.5,0.0
2023-04-30,24.0,30.3,0.0
2023-05-01,24.1,31.0,5.6
2023-05-02,25.2,30.8,1.6
2023-05-03,25.5,31.4,0.0
2023-05-04,25.0,31.2,0.0
2023-05-05,24.7,30.3,27.0
2023-05-06,24.7,30.0,4.6
2023-05-07,25.7,30.8,0.4
2023-05-08,25.4,30.8,0.0
2023-05-09,24.4,31.1,0.4
2023-05-10,24.5,31.1,0.0
2023-05-11,25.0,31.1,0.0
2023-05-12,24.6,30.3,51.6
2023-05-13,24.8,29.7,0.0
2023-05-14,22.8,29.8,0.0
2023-05-15,23.8,29.6,0.0
2023-05-16,22.1,29.3,27.0
2023-05-17,22.4,29.5,0.0
2023-05-18,22.7,29.1,0.0
2023-05-19,23.0,29.6,0.0
2023-05-20,23.1,30.4,0.0
2023-05-21,19.1,30.7,0.0
2023-05-22,22.9,30.7,0.0
2023-05-23,23.1,30.2,51.6
2023-05-24,23.0,31.0,0.0
2023-05-25,24.0,31.1,0.0
2023-05-26,23.2,30.9,0.0
2023-05-27,23.3,30.5,27.0
2023-05-28,23.9,30.3,0.0
2023-05-29,23.6,30.7,0.0
2023-05-30,22.9,30.8,0.0
2023-05-31,23.4,30.5,0.0
2023-06-01,24.0,31.0,0.0
2023-06-02,24.0,30.5,0.0
2023-06-03,24.2,30.4,0.0
2023-06-04,24.9,29.9,0.0
2023-06-05,24.0,30.2,0.0
2023-06-06,24.6,27.8,11.4
2023-06-07,24.2,28.7,8888.0
2023-06-08,24.2,29.6,0.2
2023-06-09,23.6,29.4,0.0
2023-06-10,22.6,28.7,0.0
2023-06-11,22.1,29.4,0.0
2023-06-12,23.5,29.4,0.0
2023-06-13,24.4,29.4,0.0
2023-06-14,24.2,29.6,0.0
2023-06-15,23.5,29.0,0.0
2023-06-16,23.5,28.7,0.0
2023-06-17,23.4,28.4,0.0
2023-06-18,23.4,28.1,0.0
2023-06-19,22.9,29.3,0.0
2023-06-20,22.5,29.9,0.0
2023-06-21,22.6,29.9,0.0
2023-06-22,22.6,29.8,0.0
2023-06-23,22.8,29.3,0.0
2023-06-24,22.2,29.4,0.2
2023-06-25,23.3,30.2,0.0
2023-06-26,22.2,29.4,0.0
2023-06-27,22.6,29.2,9.4
2023-06-28,24.3,28.7,20.4
2023-06-29,24.1,29.3,11.6
2023-06-30,23.6,29.7,0.2
2023-07-01,24.5,29.6,0.0
2023-07-02,24.6,29.3,1.8
2023-07-03,23.1,29.0,0.2
2023-07-04,22.4,28.6,8888.0
2023-07-05,23.2,28.3,8888.0
2023-07-06,23.6,28.5,16.0
2023-07-07,23.5,26.5,16.0
2023-07-08,24.0,27.3,4.6
2023-07-09,23.0,28.5,4.2
2023-07-10,23.3,28.8,11.6
2023-07-11,22.3,28.4,0.0
2023-07-12,19.6,28.0,0.0
2023-07-13,22.6,27.4,0.0
2023-07-14,23.2,27.8,0.2
2023-07-15,23.8,27.7,6.6
2023-07-16,22.0,27.8,8888.0
2023-07-17,21.4,27.8,16.0
2023-07-18,19.8,27.6,0.0
2023-07-19,19.9,27.5,4.6
2023-07-20,20.1,27.1,0.0
2023-07-21,20.0,26.8,11.6
2023-07-22,21.3,27.4,0.0
2023-07-23,21.5,27.8,0.0
2023-07-24,21.7,27.3,0.0
2023-07-25,21.0,27.4,0.0
2023-07-26,22.0,27.8,0.0
2023-07-27,18.5,27.4,8888.0
2023-07-28,20.0,28.3,0.0
2023-07-29,19.3,28.0,0.0
2023-07-30,19.3,27.4,0.0
2023-07-31,21.9,27.5,0.0
2023-08-01,20.8,27.5,0.0
2023-08-02,23.0,27.4,0.0
2023-08-03,23.2,28.2,0.0
2023-08-04,20.8,27.5,0.0
2023-08-05,19.9,28.2,0.0
2023-08-06,21.0,28.1,0.0
2023-08-07,22.5,28.1,0.0
2023-08-08,19.4,27.6,0.0
2023-08-09,19.2,26.7,0.0
2023-08-10,19.6,27.0,0.0
2023-08-11,18.1,27.0,0.0
2023-08-12,18.9,27.2,0.0
2023-08-13,19.7,27.5,0.0
2023-08-14,19.3,28.6,0.0
2023-08-15,20.9,28.0,0.0
2023-08-16,21.2,28.3,0.0
2023-08-17,21.8,27.5,3.2
2023-08-18,21.4,29.9,2.8
2023-08-19,21.9,27.2,0.0
2023-08-20,21.0,27.5,0.0
2023-08-21,21.6,27.8,0.0
2023-08-22,21.4,27.6,0.0
2023-08-23,21.6,26.8,0.0
2023-08-24,20.2,26.8,0.0
2023-08-25,21.1,26.3,0.0
2023-08-26,21.7,26.7,0.0
2023-08-27,21.9,27.5,0.0
2023-08-28,21.0,27.3,3.2
2023-08-29,21.6,27.0,0.0
2023-08-30,21.4,27.0,0.0
2023-08-31,20.8,27.4,0.0
2023-09-01,21.9,26.8,0.0
2023-09-02,19.8,27.4,0.0
2023-09-03,18.9,27.0,0.0
2023-09-04,20.8,27.5,0.0
2023-09-05,19.4,26.9,0.0
2023-09-06,20.5,28.0,0.0
2023-09-07,21.6,27.4,0.0
2023-09-08,22.6,27.2,0.0
2023-09-09,19.6,26.9,0.0
2023-09-10,19.9,27.0,0.0
2023-09-11,21.2,27.7,0.0
2023-09-12,22.7,28.4,0.0
2023-09-13,22.0,28.0,0.0
2023-09-14,22.8,27.8,0.0
2023-09-15,21.6,27.4,0.0
2023-09-16,21.6,27.8,0.0
2023-09-17,22.8,27.3,8888.0
2023-09-18,22.8,27.4,0.0
2023-09-19,20.6,27.6,0.0
2023-09-20,22.6,27.6,0.0
2023-09-21,21.0,28.1,0.0
2023-09-22,20.8,27.4,0.0
2023-09-23,20.7,26.7,0.0
2023-09-24,20.8,28.0,0.0
2023-09-25,22.9,27.6,0.0
2023-09-26,22.6,27.6,0.0
2023-09-27,22.8,28.0,0.0
2023-09-28,22.8,27.8,0.0
2023-09-29,22.7,28.0,0.0
2023-09-30,23.6,28.0,0.0
2023-10-01,21.9,28.7,0.0
2023-10-02,22.9,28.9,0.0
2023-10-03,22.9,28.4,0.0
2023-10-04,23.7,28.4,0.0
2023-10-05,23.0,28.4,0.0
2023-10-06,23.4,28.9,0.0
2023-10-07,23.7,28.1,0.0
2023-10-08,23.9,28.6,0.0
2023-10-09,22.4,28.0,0.0
2023-10-10,22.5,28.2,0.0
2023-10-11,22.1,27.5,0.0
2023-10-12,21.8,28.8,0.0
2023-10-13,23.4,28.4,0.0
2023-10-14,24.1,28.4,0.0
2023-10-15,22.5,29.2,0.0
2023-10-16,22.8,28.5,0.0
2023-10-17,22.3,28.5,0.0
2023-10-18,22.3,27.7,0.0
2023-10-19,22.3,28.6,0.0
2023-10-20,22.9,29.3,0.0
2023-10-21,23.3,27.6,0.0
2023-10-22,20.9,28.3,0.0
2023-10-23,21.8,28.8,0.0
2023-10-24,24.0,29.9,0.0
2023-10-25,25.1,29.2,0.0
2023-10-26,24.5,29.8,0.0
2023-10-27,24.7,30.4,0.0
2023-10-28,23.4,30.4,0.0
2023-10-29,24.4,30.0,0.0
2023-10-30,24.7,31.0,0.0
2023-10-31,25.6,30.7,0.0
2023-11-01,25.7,30.4,8888.0
2023-11-02,24.6,30.9,0.0
2023-11-03,24.6,30.9,0.0
2023-11-04,25.0,31.4,0.0
2023-11-05,24.4,29.8,0.0
2023-11-06,26.0,30.1,0.0
2023-11-07,24.5,30.1,0.0
2023-11-08,23.6,30.2,0.0
2023-11-09,26.0,30.4,0.0
2023-11-10,25.0,30.4,0.0
2023-11-11,25.6,30.5,0.0
2023-11-12,25.4,29.6,0.4
2023-11-13,24.4,30.4,0.0
2023-11-14,25.9,29.4,0.0
2023-11-15,25.2,29.8,2.6
2023-11-16,25.0,30.5,8888.0
2023-11-17,23.9,30.7,0.0
2023-11-18,23.2,31.0,0.0
2023-11-19,25.0,30.6,0.0
2023-11-20,25.0,29.2,0.0
2023-11-21,25.7,29.5,1.4
2023-11-22,25.2,30.3,1.6
2023-11-23,25.7,30.4,0.4
2023-11-24,25.6,30.4,0.0
2023-11-25,25.6,30.2,0.0
2023-11-26,25.5,31.2,0.0
2023-11-27,24.6,30.5,0.0
2023-11-28,24.2,30.1,0.0
2023-11-29,25.1,30.6,0.4
2023-11-30,25.4,29.0,1.6
2023-12-01,25.0,26.2,11.6
2023-12-02,24.2,29.2,23.2
2023-12-03,24.8,29.3,1.6
2023-12-04,25.7,30.0,0.2
2023-12-05,25.0,28.4,1.2
2023-12-06,25.0,30.5,0.0
2023-12-07,25.5,30.4,0.0
2023-12-08,26.3,30.4,0.0
2023-12-09,26.3,31.3,0.0
2023-12-10,25.1,31.6,0.4
2023-12-11,25.5,31.2,0.0
2023-12-12,24.2,30.5,0.0
2023-12-13,24.9,31.1,0.0
2023-12-14,25.9,30.8,8888.0
2023-12-15,24.6,31.4,0.2
2023-12-16,23.6,30.8,0.0
2023-12-17,25.1,31.5,0.0
2023-12-18,26.1,31.1,0.0
2023-12-19,24.6,31.3,0.0
2023-12-20,22.4,30.5,0.0
2023-12-21,22.3,30.2,0.4
2023-12-22,24.2,31.2,0.0
2023-12-23,23.6,31.0,0.0
2023-12-24,24.5,31.3,0.0
2023-12-25,24.3,31.8,8888.0
2023-12-26,24.8,32.0,0.0
2023-12-27,26.0,32.2,0.0
2023-12-28,26.5,32.0,0.0
2023-12-29,26.0,31.4,0.0
2023-12-30,26.0,31.6,0.0
2023-12-31,26.0,32.4,0.2
2024-01-01,26.7,31.5,0.8
2024-01-02,25.8,30.1,11.0
2024-01-03,26.3,31.9,2.2
2024-01-04,24.0,31.0,8.8
2024-01-05,24.4,30.8,8.4
2024-01-06,24.6,30.9,3.8
2024-01-07,25.1,30.9,0.2
2024-01-08,24.4,29.8,18.0
2024-01-09,24.9,30.2,0.7
2024-01-10,25.3,31.0,0.0
2024-01-11,25.9,31.2,0.0
2024-01-12,26.0,31.7,0.0
2024-01-13,26.3,30.8,0.0
2024-01-14,25.2,31.4,0.6
2024-01-15,24.9,31.1,0.0
2024-01-16,25.7,32.8,8.4
2024-01-17,25.7,29.8,3.6
2024-01-18,24.3,25.5,64.4
2024-01-19,24.3,28.4,82.4
2024-01-20,23.8,30.4,37.6
2024-01-21,24.2,29.7,45.8
2024-01-22,24.6,30.5,22.8
2024-01-23,23.2,29.7,59.5
2024-01-24,23.9,30.2,0.6
2024-01-25,24.6,30.9,2.2
2024-01-26,25.3,30.6,0.2
2024-01-27,25.1,30.2,0.2
2024-01-28,23.8,29.7,56.8
2024-01-29,24.0,30.6,62.6
2024-01-30,24.8,31.2,1.8
2024-01-31,24.1,30.7,6.6
